Title: "Soundcore Anker Life Q20 Hybrid Active Noise Cancelling Headphones Wireless Over Ear Bluetooth Headphones 60H Playtime Hi-Res Audio Deep Bass Memory Foam Ear Cups Travel Office USB-C Charging", Rating: 4.5, price: empty, Offers: $42.90, Reviews: (85.4K)

Title: "Wireless Headphones for TV TV Headphones Wireless for Seniors with Transmitter Charging Base Perfect Audio Sync No Audio Dealy Ideal Gift for The Elderly", Rating: 4.8, price: empty, Offers: $89.09, Reviews: (71)

Title: "JBL Tune 720BT - Wireless Over-Ear Headphones with JBL Pure Bass Sound Bluetooth 5.3 Up to 76H Battery Life and Speed Charge Lightweight Comfortable and Foldable Design (Black)", Rating: 4.5, price: empty, Offers: $58.99, Reviews: (3.9K)

Title: "JLab JBuds Lux ANC Wireless Headphones Mauve Hybrid Active Noise Cancelling Customizable Sound Spatial Audio Compatible Premium Over-Ear Bluetooth Headset", Rating: 4.5, price: empty, Offers: $79.99, Reviews: (1.7K)

Title: "Sony WH-CH720N Noise Canceling Wireless Headphones Bluetooth Over The Ear Headset with Microphone and Alexa Built-in Black New", Rating: 4.4, price: empty, Offers: empty, Reviews: (9.3K)

Title: "Bluetooth Wireless Headset with Mic for Work Noise Cancelling Headsets Mono Computer Headphones with USB Dongle & Bluetooth 5.3 for PC Zoom Office Laptop Phone", Rating: 4.5, price: empty, Offers: $64.34, Reviews: (93)

Title: "Wireless Headphones for TV & Seniors - Bluetooth 5.2 65hrs Battery Effortless Charging & Tidy Storage with Included Charging Base No Delay for Elderly/Parents", Rating: 4.7, price: empty, Offers: $89.99, Reviews: (84)

Title: "Wireless Earbuds Bluetooth Headphones Ear Buds with Deep Bass 40H Long Playtime Power Display IPX7 Waterproof in Ear Earphone with Mic for Phone Tablet Sports Workout Black", Rating: 4.7, price: empty, Offers: $129.99, Reviews: (1.2K)

Title: "soundcore Life Q30 by Anker Hybrid Active Noise Cancelling Headphones with Multiple Modes Hi-Res Sound Custom EQ via App 50H Playtime Comfortable Fit Bluetooth Multipoint Connection", Rating: 4.4, price: empty, Offers: $79.99, Reviews: (81.3K)

Title: "WallarGe Wireless Headphones for TV Watching with RF Transmitter Charging Dock Plug and Play 100 Ft Wireless Range Rechargeable 20 Hour Battery (Black with Red)", Rating: 4.2, price: empty, Offers: $54.99, Reviews: (3.5K)

Title: "Wireless Headphones for TV Watching Ensemble-TV Headphones with LED Display TV Transmitter Charging Base Bluetooth V5.3 Headphones No Lip-Sync Delay Plug and Play Gifts for Elderly (Black)", Rating: 4.4, price: empty, Offers: $59.39, Reviews: (457)

Title: "Wireless Headphones for TV Watching TV Headphones Wireless for Seniors with Multi-Function Transmitter Charging Base 65hrs Worktime Bluetooth Headset No Audio Delay Gifts for Parents & Elderly", Rating: 4.6, price: empty, Offers: $89.99, Reviews: (120)

Title: "Beats Studio Pro - Wireless Bluetooth Noise Cancelling Headphones - Personalized Spatial Audio USB-C Lossless Audio Apple & Android Compatibility Up to 40 Hours Battery Life - Navy", Rating: 4.5, price: empty, Offers: $165.19, Reviews: (18.8K)

Title: "Raycon Everyday Wireless Bluetooth Over Ear Headphones with Active Noise Cancelling Awareness Mode and Built in Microphone IPX 4 Water Resistance 38 Hours of Battery Life (Rose Gold)", Rating: 4.5, price: empty, Offers: $99.99, Reviews: (3.1K)

Title: "Avantree Ensemble - Wireless TV Headphones Compatible with TVs with Optical AUX or Bluetooth Audio Outputs - Comfortable Headphones for Seniors with Charging Dock & Transmitter and 35hr Playtime", Rating: 4.4, price: empty, Offers: $98.99, Reviews: (13.4K)

Title: "(Upgraded Version) Wireless Headset Bluetooth Headset with Noise Cancelling Microphone Best Headset with Mic Mute & USB Dongle for PC/Computer/Laptop/Cell Phones/Remote Work/Call Center", Rating: 4.4, price: empty, Offers: $69.99, Reviews: (2.4K)

